AvgTicketPrice,Cancelled,Dest,DestAirportID,DestCityName,DestCountry,DestRegion,DestWeather,DistanceKilometers,DistanceMiles,FlightDelay,FlightDelayMin,FlightDelayType,FlightNum,FlightTimeHour,FlightTimeMin,Origin,OriginAirportID,OriginCityName,OriginCountry,OriginRegion,OriginWeather,dayOfWeek,hour_of_day
$668.22,FALSE,San Francisco International Airport,SFO,San Francisco,US,US-CA,Sunny,10260.84,6375.79,FALSE,0,No Delay,TY74105,8.143523822,488.611,Naples International Airport,NA01,Naples,IT,IT-72,Sunny,5,16
$519.25,FALSE,Tulsa International Airport,TUL,Tulsa,US,US-OK,Sunny,4137.26,2570.78,FALSE,0,No Delay,95NFX0P,6.268580384,376.115,El Dorado International Airport,BOG,Bogota,CO,SE-BD,Rain,5,16
$847.82,FALSE,Winnipeg / James Armstrong Richardson International Airport,YWG,Winnipeg,CA,CA-MB,Sunny,11251.57,6991.40,FALSE,0,No Delay,Y61ST9M,10.41811649,625.087,Dubai International Airport,DXB,Dubai,AE,SE-BD,Sunny,5,16
$572.58,FALSE,Xi'an Xianyang International Airport,XIY,Xi'an,CN,SE-BD,Clear,3566.19,2215.93,FALSE,0,No Delay,K4BI402,2.83030614,169.818,Rajiv Gandhi International Airport,HYD,Hyderabad,IN,SE-BD,Clear,5,16
$1146.29,FALSE,Malpensa International Airport,MI12,Milan,IT,IT-25,Rain,6629.76,4119.54,TRUE,285,Late Aircraft Delay,9KM3JYX,14.79508578,887.705,Lester B. Pearson International Airport,YYZ,Toronto,CA,CA-ON,Rain,5,16
$1150.82,FALSE,Verona Villafranca Airport,VR10,Verona,IT,IT-34,Hail,7699.46,4784.22,FALSE,0,No Delay,A3JXOW3,8.020270183,481.216,Savannah Hilton Head International Airport,SAV,Savannah,US,US-GA,Sunny,5,15
$526.94,FALSE,OR Tambo International Airport,JNB,Johannesburg,ZA,SE-BD,Rain,9004.51,5595.14,TRUE,15,NAS Delay,S9LMOSW,8.587510171,515.251,London Gatwick Airport,LGW,London,GB,GB-ENG,Cloudy,5,15
$746.93,FALSE,London Luton Airport,LTN,London,GB,GB-ENG,Cloudy,9687.89,6019.77,FALSE,0,No Delay,02EKPYM,12.42036774,745.222,Cape Town International Airport,CPT,Cape Town,ZA,SE-BD,Cloudy,5,15
$953.91,FALSE,Ukrainka Air Base,XHBU,Belogorsk,RU,RU-AMU,Sunny,9152.06,5686.83,FALSE,0,No Delay,1NH90MS,8.972610279,538.357,Lester B. Pearson International Airport,YYZ,Toronto,CA,CA-ON,Thunder & Lightning,5,15
$1044.08,FALSE,Lester B. Pearson International Airport,YYZ,Toronto,CA,CA-ON,Sunny,11056.26,6870.04,TRUE,330,Late Aircraft Delay,KJFLSXC,16.33946584,980.368,Jeju International Airport,CJU,Jeju City,KR,SE-BD,Rain,5,15
$957.51,TRUE,Naples International Airport,NA01,Naples,IT,IT-72,Cloudy,10244.08,6365.38,TRUE,330,Weather Delay,YN6459A,19.72788794,1183.67,Mariscal Sucre International Airport,UIO,Quito,EC,EC-P,Thunder & Lightning,5,15
$882.63,FALSE,Melbourne International Airport,MEL,Melbourne,AU,SE-BD,Cloudy,16342.69,10154.88,TRUE,210,Late Aircraft Delay,X972PJN,22.9555884,1377.34,Luis Munoz Marin International Airport,SJU,San Juan,PR,PR-U-A,Sunny,5,15
$900.56,FALSE,Warsaw Chopin Airport,WAW,Warsaw,PL,PL-MZ,Damaging Wind,8206.03,5098.99,FALSE,0,No Delay,W6E986Z,12.43337047,746.002,Luis Munoz Marin International Airport,SJU,San Juan,PR,PR-U-A,Clear,5,15
$604.17,FALSE,Itami Airport,ITM,Osaka,JP,SE-BD,Sunny,861.608,535.379,FALSE,0,No Delay,4H2KUBH,0.755796905,45.348,Incheon International Airport,ICN,Seoul,KR,SE-BD,Damaging Wind,5,15
$895.14,FALSE,Turin Airport,TO11,Torino,IT,IT-21,Cloudy,8142.41,5059.46,FALSE,0,No Delay,5ES35KN,9.693349764,581.601,Billings Logan International Airport,BIL,Billings,US,US-MT,Cloudy,5,15
$832.98,FALSE,Montreal / Pierre Elliott Trudeau International Airport,YUL,Montreal,CA,CA-QC,Rain,6177.84,3838.73,FALSE,0,No Delay,7QQDFOZ,6.435253317,386.115,Milano Linate Airport,MI11,Milan,IT,IT-25,Heavy Fog,5,15
$366.06,FALSE,San Francisco International Airport,SFO,San Francisco,US,US-CA,Rain,2385.11,1482.04,FALSE,0,No Delay,9VIYU7K,2.208432106,132.506,San Antonio International Airport,SAT,San Antonio,US,US-TX,Rain,5,15
$605.66,FALSE,Wichita Mid Continent Airport,ICT,Wichita,US,US-KS,Heavy Fog,8487.05,5273.61,FALSE,0,No Delay,2ZTUP7Y,10.10362956,606.218,Vienna International Airport,VIE,Vienna,AT,AT-9,Cloudy,5,15
$599.39,TRUE,Stockholm-Arlanda Airport,ARN,Stockholm,SE,SE-AB,Rain,8350.74,5188.91,FALSE,0,No Delay,8ABZBRH,12.65263242,759.158,Reno Tahoe International Airport,RNO,Reno,US,US-NV,Hail,5,15
$714.30,FALSE,Turin Airport,TO11,Torino,IT,IT-21,Heavy Fog,7747.40,4814.01,FALSE,0,No Delay,5XPQI9G,7.595492169,455.73,Edmonton International Airport,CYEG,Edmonton,CA,CA-AB,Damaging Wind,5,15
$575.25,FALSE,Oslo Gardermoen Airport,OSL,Oslo,NO,NO-02,Rain,7240.73,4499.18,FALSE,0,No Delay,UA9DRO9,6.704377412,402.263,Birmingham-Shuttlesworth International Airport,BHM,Birmingham,US,US-AL,Rain,5,15
$1120.73,FALSE,Winnipeg / James Armstrong Richardson International Airport,YWG,Winnipeg,CA,CA-MB,Clear,7222.97,4488.14,FALSE,0,No Delay,U060W04,10.94388666,656.633,Turin Airport,TO11,Torino,IT,IT-21,Clear,5,15
$999.31,FALSE,Genoa Cristoforo Colombo Airport,GE01,Genova,IT,IT-42,Damaging Wind,7005.90,4353.26,TRUE,150,NAS Delay,AZS5EW8,13.11499346,786.9,Cleveland Hopkins International Airport,CLE,Cleveland,US,US-OH,Rain,5,15
$399.24,FALSE,Rochester International Airport,RST,Rochester,US,US-MN,Cloudy,1583.65,984.035,FALSE,0,No Delay,1MAEYXT,1.466343657,87.981,Norfolk International Airport,ORF,Norfolk,US,US-VA,Heavy Fog,5,15
$1113.95,FALSE,Xi'an Xianyang International Airport,XIY,Xi'an,CN,SE-BD,Sunny,10316.16,6410.16,FALSE,0,No Delay,BP2ELNS,14.32799426,859.68,Winnipeg / James Armstrong Richardson International Airport,YWG,Winnipeg,CA,CA-MB,Rain,5,15
$677.26,FALSE,Treviso-Sant'Angelo Airport,TV01,Treviso,IT,IT-34,Rain,6818.16,4236.61,FALSE,0,No Delay,109CUFD,6.313107729,378.786,Rajiv Gandhi International Airport,HYD,Hyderabad,IN,SE-BD,Cloudy,5,15
$784.74,FALSE,Minneapolis-St Paul International/Wold-Chamberlain Airport,MSP,Minneapolis,US,US-MN,Clear,9840.61,6114.67,FALSE,0,No Delay,RIVNUT1,13.66751209,820.051,Chubu Centrair International Airport,NGO,Tokoname,JP,SE-BD,Cloudy,5,15
$616.69,FALSE,Vienna International Airport,VIE,Vienna,AT,AT-9,Thunder & Lightning,1447.06,899.161,FALSE,0,No Delay,NGZ1V5U,1.41868526,85.121,Manchester Airport,MAN,Manchester,GB,GB-ENG,Cloudy,5,14
$922.53,FALSE,OR Tambo International Airport,JNB,Johannesburg,ZA,SE-BD,Sunny,12963.02,8054.85,FALSE,0,No Delay,YYA3O1X,16.61925572,997.155,Newport News Williamsburg International Airport,PHF,Newport News,US,US-VA,Rain,5,14
$957.28,FALSE,Warsaw Chopin Airport,WAW,Warsaw,PL,PL-MZ,Clear,8624.18,5358.82,FALSE,0,No Delay,7BHP9JT,7.186819929,431.209,Tokyo Haneda International Airport,HND,Tokyo,JP,SE-BD,Hail,5,14
$221.14,FALSE,Zurich Airport,ZRH,Zurich,CH,CH-ZH,Sunny,0,0,FALSE,0,No Delay,3QCO6IE,0,0,Zurich Airport,ZRH,Zurich,CH,CH-ZH,Thunder & Lightning,5,14
$651.82,FALSE,Shanghai Hongqiao International Airport,SHA,Shanghai,CN,SE-BD,Rain,11952.78,7427.11,FALSE,0,No Delay,52T3F16,14.22949668,853.77,Philadelphia International Airport,PHL,Philadelphia,US,US-PA,Clear,5,14
$391.06,FALSE,OR Tambo International Airport,JNB,Johannesburg,ZA,SE-BD,Cloudy,477.858,296.927,TRUE,195,Carrier Delay,5CD66NR,3.669173604,220.15,King Shaka International Airport,DUR,Durban,ZA,SE-BD,Damaging Wind,5,14
$814.04,FALSE,Licenciado Benito Juarez International Airport,AICM,Mexico City,MX,MX-DIF,Sunny,10264.74,6378.21,TRUE,360,Carrier Delay,JG56A92,14.14661637,848.797,Ciampino___G. B. Pastine International Airport,RM12,Rome,IT,IT-62,Thunder & Lightning,5,14
$567.11,FALSE,Dubai International Airport,DXB,Dubai,AE,SE-BD,Sunny,5658.30,3515.91,FALSE,0,No Delay,AR9OTDM,6.287002885,377.22,Adolfo Suarez Madridâ€” Barajas Airport,MAD,Madrid,ES,ES-M,Hail,5,14
$726.19,FALSE,Oslo Gardermoen Airport,OSL,Oslo,NO,NO-02,Rain,6494.71,4035.62,FALSE,0,No Delay,6NRNLBV,7.731794408,463.908,Edmonton International Airport,CYEG,Edmonton,CA,CA-AB,Clear,5,14
$873.10,FALSE,London Luton Airport,LTN,London,GB,GB-ENG,Cloudy,6925.37,4303.23,FALSE,0,No Delay,OWKSWAM,7.213930344,432.836,Birmingham-Shuttlesworth International Airport,BHM,Birmingham,US,US-AL,Heavy Fog,5,14
$730.77,FALSE,Shanghai Hongqiao International Airport,SHA,Shanghai,CN,SE-BD,Clear,19601.82,12180.01,FALSE,0,No Delay,VDD8J9D,16.33484977,980.091,Ministro Pistarini International Airport,EZE,Buenos Aires,AR,SE-BD,Damaging Wind,5,14
$356.45,FALSE,Scott AFB/Midamerica Airport,BLV,Belleville,US,US-IL,Rain,1911.09,1187.49,FALSE,0,No Delay,ZGLD72A,1.873613269,112.417,Salt Lake City International Airport,SLC,Salt Lake City,US,US-UT,Hail,5,14
$203.33,FALSE,Pisa International Airport,PI05,Pisa,IT,IT-52,Thunder & Lightning,595.307,369.907,TRUE,90,NAS Delay,H5OVG6D,2.401980673,144.119,Bari Karol Wojty__a Airport,BA02,Bari,IT,IT-75,Clear,5,14
$1011.39,FALSE,Leonardo da Vinci___Fiumicino Airport,RM11,Rome,IT,IT-62,Rain,9365.55,5819.48,FALSE,0,No Delay,L6VXXIV,9.755777238,585.347,El Dorado International Airport,BOG,Bogota,CO,CO-CUN,Rain,5,14
$379.08,TRUE,Narita International Airport,NRT,Tokyo,JP,SE-BD,Thunder & Lightning,463.041,287.72,FALSE,0,No Delay,G5FNH2J,0.514490008,30.869,Itami Airport,ITM,Osaka,JP,SE-BD,Clear,5,14
$687.46,FALSE,Verona Villafranca Airport,VR10,Verona,IT,IT-34,Rain,16426.77,10207.12,FALSE,0,No Delay,CY7W89I,13.03711989,782.227,Sydney Kingsford Smith International Airport,SYD,Sydney,AU,SE-BD,Cloudy,5,13
$754.24,TRUE,Olenya Air Base,XLMO,Olenegorsk,RU,RU-MUR,Thunder & Lightning,10463.97,6502.01,FALSE,0,No Delay,9ETZNNE,9.17892306,550.735,OR Tambo International Airport,JNB,Johannesburg,ZA,SE-BD,Cloudy,5,13
$632.84,FALSE,Turin Airport,TO11,Torino,IT,IT-21,Heavy Fog,9260.23,5754.04,TRUE,105,Carrier Delay,C18LNQD,15.78065793,946.839,Shanghai Pudong International Airport,PVG,Shanghai,CN,SE-BD,Cloudy,5,13
$964.30,TRUE,Newport News Williamsburg International Airport,PHF,Newport News,US,US-VA,Damaging Wind,16877.26,10487.04,FALSE,0,No Delay,CTV03W5,20.09197258,1205.52,Adelaide International Airport,ADL,Adelaide,AU,SE-BD,Cloudy,5,13
$317.84,FALSE,Quad City International Airport,MLI,Moline,US,US-IL,Rain,870.825,541.105,FALSE,0,No Delay,YJ3J3X1,0.725687233,43.541,Pittsburgh International Airport,PIT,Pittsburgh,US,US-PA,Sunny,5,13
$476.17,FALSE,Zurich Airport,ZRH,Zurich,CH,CH-ZH,Sunny,0,0,TRUE,180,Late Aircraft Delay,J8N1BS5,3,180,Zurich Airport,ZRH,Zurich,CH,CH-ZH,Clear,5,13
$511.58,FALSE,Ukrainka Air Base,XHBU,Belogorsk,RU,RU-AMU,Rain,9064.27,5632.27,TRUE,270,NAS Delay,QJBLZU7,13.38653522,803.192,Ottawa Macdonald-Cartier International Airport,YOW,Ottawa,CA,CA-ON,Thunder & Lightning,5,13
$960.05,FALSE,Venice Marco Polo Airport,VE05,Venice,IT,IT-34,Rain,16311.65,10135.59,FALSE,0,No Delay,U8JILWG,22.65507259,1359.30,Sydney Kingsford Smith International Airport,SYD,Sydney,AU,SE-BD,Cloudy,5,13
$1188.22,FALSE,Treviso-Sant'Angelo Airport,TV01,Treviso,IT,IT-34,Clear,8840.38,5493.16,FALSE,0,No Delay,0O7Y2MC,9.20873168,552.524,Cape Town International Airport,CPT,Cape Town,ZA,SE-BD,Clear,5,13
$1156.49,FALSE,Warsaw Chopin Airport,WAW,Warsaw,PL,PL-MZ,Sunny,972.607,604.35,FALSE,0,No Delay,N2JAT6F,0.953536312,57.212,Venice Marco Polo Airport,VE05,Venice,IT,IT-34,Rain,5,12
$715.43,FALSE,Ukrainka Air Base,XHBU,Belogorsk,RU,RU-AMU,Heavy Fog,13450.98,8358.05,FALSE,0,No Delay,CAY05LK,14.01144189,840.687,El Dorado International Airport,BOG,Bogota,CO,SE-BD,Sunny,5,12
$1068.59,TRUE,San Francisco International Airport,SFO,San Francisco,US,US-CA,Heavy Fog,8246.27,5123.99,FALSE,0,No Delay,238Q02Q,8.084577462,485.075,Narita International Airport,NRT,Tokyo,JP,SE-BD,Damaging Wind,5,12
$1009.99,FALSE,Wichita Mid Continent Airport,ICT,Wichita,US,US-KS,Clear,8164.93,5073.45,FALSE,0,No Delay,PMKXWHZ,8.505130929,510.308,Turin Airport,TO11,Torino,IT,IT-21,Cloudy,5,12
$933.27,FALSE,OR Tambo International Airport,JNB,Johannesburg,ZA,SE-BD,Sunny,9179.01,5703.57,FALSE,0,No Delay,JRXLBRY,12.7486294,764.918,Copenhagen Kastrup Airport,CPH,Copenhagen,DK,DK-84,Damaging Wind,5,12
$657.33,FALSE,Gimpo International Airport,GMP,Seoul,KR,SE-BD,Cloudy,8998.39,5591.34,FALSE,0,No Delay,A6XHTIO,8.82195298,529.317,Genoa Cristoforo Colombo Airport,GE01,Genova,IT,IT-42,Thunder & Lightning,5,12
$733.98,FALSE,Lester B. Pearson International Airport,YYZ,Toronto,CA,CA-ON,Hail,6036.89,3751.15,FALSE,0,No Delay,NQV92KI,7.739604331,464.376,Charles de Gaulle International Airport,CDG,Paris,FR,FR-J,Heavy Fog,5,12
$669.96,TRUE,Shanghai Hongqiao International Airport,SHA,Shanghai,CN,SE-BD,Damaging Wind,17169.74,10668.78,TRUE,330,NAS Delay,TSN71NF,23.38514021,1403.11,Jorge Chavez International Airport,LIM,Lima,PE,SE-BD,Hail,5,12
$984.66,FALSE,Turin Airport,TO11,Torino,IT,IT-21,Sunny,9852.22,6121.89,FALSE,0,No Delay,4USJHT0,8.210185702,492.611,Tokyo Haneda International Airport,HND,Tokyo,JP,SE-BD,Hail,5,12
$1070.04,FALSE,Ministro Pistarini International Airport,EZE,Buenos Aires,AR,AR-B,Clear,6900.96,4288.06,TRUE,255,Late Aircraft Delay,YMCU96B,10.00079714,600.048,Cape Town International Airport,CPT,Cape Town,ZA,SE-BD,Sunny,5,12
$474.22,TRUE,Zurich Airport,ZRH,Zurich,CH,CH-ZH,Cloudy,0,0,FALSE,0,No Delay,5CSLMLT,0,0,Zurich Airport,ZRH,Zurich,CH,CH-ZH,Heavy Fog,5,12
$826.36,FALSE,San Antonio International Airport,SAT,San Antonio,US,US-TX,Damaging Wind,8329.64,5175.80,TRUE,150,Late Aircraft Delay,100720F,9.806703369,588.402,Charles de Gaulle International Airport,CDG,Paris,FR,FR-J,Cloudy,5,11
$1012.11,TRUE,Zurich Airport,ZRH,Zurich,CH,CH-ZH,Sunny,603.346,374.902,FALSE,0,No Delay,B1AE1C0,0.773520552,46.411,Amsterdam Airport Schiphol,AMS,Amsterdam,NL,NL-NH,Thunder & Lightning,5,11
$823.28,FALSE,Tokyo Haneda International Airport,HND,Tokyo,JP,SE-BD,Clear,7784.50,4837.07,TRUE,195,Carrier Delay,MC8POW0,9.428175681,565.691,Sydney Kingsford Smith International Airport,SYD,Sydney,AU,SE-BD,Damaging Wind,5,11
$320.58,FALSE,Genoa Cristoforo Colombo Airport,GE01,Genova,IT,IT-42,Sunny,573.604,356.421,FALSE,0,No Delay,PZMQ2FJ,0.682861823,40.972,Cagliari Elmas Airport,CA07,Cagliari,IT,IT-88,Sunny,5,11
$1019.12,FALSE,Savannah Hilton Head International Airport,SAV,Savannah,US,US-GA,Clear,7779.03,4833.67,TRUE,45,Carrier Delay,V9PSO2P,6.923834646,415.43,Helsinki Vantaa Airport,HEL,Helsinki,FI,FI-ES,Cloudy,5,11
$664.83,TRUE,Falcone Borsellino Airport,PA03,Palermo,IT,IT-82,Heavy Fog,1598.66,993.362,FALSE,0,No Delay,66S0AQ8,1.665272861,99.916,Berlin-Tegel Airport,TXL,Berlin,DE,DE-BE,Rain,5,11
$1158.19,FALSE,Pisa International Airport,PI05,Pisa,IT,IT-52,Heavy Fog,6496.17,4036.54,FALSE,0,No Delay,AASIGDB,6.766848039,406.011,Ottawa Macdonald-Cartier International Airport,YOW,Ottawa,CA,CA-ON,Hail,5,11
$1064.81,FALSE,London Gatwick Airport,LGW,London,GB,GB-ENG,Clear,365.748,227.265,FALSE,0,No Delay,0T02JVU,0.435414094,26.125,Amsterdam Airport Schiphol,AMS,Amsterdam,NL,NL-NH,Cloudy,5,11
$759.08,FALSE,Venice Marco Polo Airport,VE05,Venice,IT,IT-34,Sunny,1636.67,1016.98,FALSE,0,No Delay,YJ9SCNW,1.948420179,116.905,Oslo Gardermoen Airport,OSL,Oslo,NO,NO-02,Damaging Wind,5,11
$1048.92,FALSE,Shanghai Pudong International Airport,PVG,Shanghai,CN,SE-BD,Sunny,9188.98,5709.77,TRUE,180,Security Delay,9YVBZKZ,12.57185567,754.311,Pisa International Airport,PI05,Pisa,IT,IT-52,Sunny,5,11
$286.25,FALSE,Scott AFB/Midamerica Airport,BLV,Belleville,US,US-IL,Hail,1143.23,710.367,FALSE,0,No Delay,C6ETY2A,1.465673411,87.94,Greater Rochester International Airport,ROC,Rochester,US,US-NY,Cloudy,5,11
$599.57,FALSE,Spokane International Airport,GEG,Spokane,US,US-WA,Rain,3544.99,2202.75,FALSE,0,No Delay,VE4FS5I,5.37119261,322.272,Licenciado Benito Juarez International Airport,AICM,Mexico City,MX,MX-DIF,Cloudy,5,11
$762.23,TRUE,Olenya Air Base,XLMO,Olenegorsk,RU,RU-MUR,Hail,2618.50,1627.06,FALSE,0,No Delay,P0AAZPA,3.636808757,218.209,London Gatwick Airport,LGW,London,GB,GB-ENG,Sunny,5,11
$1017.91,FALSE,Dublin Airport,DUB,Dublin,IE,IE-D,Rain,7610.33,4728.84,FALSE,0,No Delay,MO8OCJQ,9.756834443,585.41,Chhatrapati Shivaji International Airport,BOM,Mumbai,IN,SE-BD,Cloudy,5,11
$456.24,FALSE,Stockholm-Arlanda Airport,ARN,Stockholm,SE,SE-AB,Clear,0,0,FALSE,0,No Delay,NTDZ9S2,0,0,Stockholm-Arlanda Airport,ARN,Stockholm,SE,SE-AB,Hail,5,11
$988.67,TRUE,Portland International Airport,PDX,Portland,US,US-OR,Hail,12156.80,7553.89,FALSE,0,No Delay,Y4ECHTZ,14.47238453,868.343,Dubai International Airport,DXB,Dubai,AE,SE-BD,Damaging Wind,5,11
$881.80,FALSE,Xi'an Xianyang International Airport,XIY,Xi'an,CN,SE-BD,Cloudy,13358.24,8300.43,FALSE,0,No Delay,YIXHPCU,14.84249356,890.55,Licenciado Benito Juarez International Airport,AICM,Mexico City,MX,MX-DIF,Sunny,5,11
$583.92,FALSE,Tokyo Haneda International Airport,HND,Tokyo,JP,SE-BD,Damaging Wind,10645.43,6614.76,FALSE,0,No Delay,8A7ZKYK,11.82825085,709.695,Memphis International Airport,MEM,Memphis,US,US-TN,Cloudy,5,11
$559.57,FALSE,Warsaw Chopin Airport,WAW,Warsaw,PL,PL-MZ,Thunder & Lightning,9163.28,5693.80,FALSE,0,No Delay,3UNFMV9,8.037966295,482.278,Reno Tahoe International Airport,RNO,Reno,US,US-NV,Cloudy,5,10
$922.10,FALSE,Zurich Airport,ZRH,Zurich,CH,CH-ZH,Rain,862.673,536.04,FALSE,0,No Delay,PEBWQMJ,0.75673067,45.404,Naples International Airport,NA01,Naples,IT,IT-72,Clear,5,10
$1106.97,FALSE,Warsaw Chopin Airport,WAW,Warsaw,PL,PL-MZ,Clear,6694.68,4159.88,FALSE,0,No Delay,NQRN0TI,9.298165895,557.89,Ukrainka Air Base,XHBU,Belogorsk,RU,RU-AMU,Heavy Fog,5,10
$620.05,FALSE,Syracuse Hancock International Airport,SYR,Syracuse,US,US-NY,Clear,6208.73,3857.92,FALSE,0,No Delay,RDACWYZ,5.446250354,326.775,Stockholm-Arlanda Airport,ARN,Stockholm,SE,SE-AB,Cloudy,5,10
$652.44,FALSE,Raleigh Durham International Airport,RDU,Raleigh/Durham,US,US-NC,Rain,7906.78,4913.05,FALSE,0,No Delay,U2JTQ4U,7.751749399,465.105,Bari Karol Wojty__a Airport,BA02,Bari,IT,IT-75,Hail,5,10
$788.02,FALSE,Incheon International Airport,ICN,Seoul,KR,SE-BD,Sunny,10286.51,6391.74,FALSE,0,No Delay,4DT043K,8.572092119,514.326,Austin Straubel International Airport,GRB,Green Bay,US,US-WI,Sunny,5,10
$1156.50,FALSE,Xi'an Xianyang International Airport,XIY,Xi'an,CN,SE-BD,Clear,17451.54,10843.88,FALSE,0,No Delay,C5HYT4B,17.10935078,1026.56,Jorge Chavez International Airport,LIM,Lima,PE,SE-BD,Clear,5,10
$1134.06,FALSE,Guangzhou Baiyun International Airport,CAN,Guangzhou,CN,SE-BD,Clear,12710.48,7897.93,FALSE,0,No Delay,3U9QSVG,11.14954698,668.973,General Edward Lawrence Logan International Airport,BOS,Boston,US,US-MA,Clear,5,10
$906.36,TRUE,OR Tambo International Airport,JNB,Johannesburg,ZA,SE-BD,Heavy Fog,15624.01,9708.31,TRUE,330,Carrier Delay,F9H0EXM,18.52000622,1111.20,Albuquerque International Sunport Airport,ABQ,Albuquerque,US,US-NM,Cloudy,5,10
$1019.53,FALSE,King Shaka International Airport,DUR,Durban,ZA,SE-BD,Damaging Wind,8504.61,5284.52,FALSE,0,No Delay,BY67PPZ,7.874638744,472.478,Genoa Cristoforo Colombo Airport,GE01,Genova,IT,IT-42,Rain,5,10
$346.11,FALSE,San Diego International Airport,SAN,San Diego,US,US-CA,Cloudy,3389.68,2106.25,FALSE,0,No Delay,LGDA7P5,3.530912032,211.855,Pittsburgh International Airport,PIT,Pittsburgh,US,US-PA,Sunny,5,10
$565.37,FALSE,Narita International Airport,NRT,Tokyo,JP,SE-BD,Sunny,18304.41,11373.84,TRUE,30,NAS Delay,6NWI7JE,20.83823656,1250.29,Ministro Pistarini International Airport,EZE,Buenos Aires,AR,SE-BD,Damaging Wind,5,10
$979.81,FALSE,Warsaw Chopin Airport,WAW,Warsaw,PL,PL-MZ,Rain,1054.28,655.096,FALSE,0,No Delay,IEQFKCP,1.597386254,95.843,Verona Villafranca Airport,VR10,Verona,IT,IT-34,Clear,5,10
$1028.01,FALSE,Ottawa Macdonald-Cartier International Airport,YOW,Ottawa,CA,CA-ON,Hail,8731.06,5425.23,FALSE,0,No Delay,AGD55X1,11.19366886,671.62,Comodoro Arturo Merino Benitez International Airport,SCL,Santiago,CL,SE-BD,Rain,5,10
$891.71,FALSE,Mariscal Sucre International Airport,UIO,Quito,EC,EC-P,Rain,8841.01,5493.55,TRUE,195,Carrier Delay,1PMAE0A,14.584631,875.078,Dublin Airport,DUB,Dublin,IE,IE-D,Cloudy,5,10
$1163.37,FALSE,Winnipeg / James Armstrong Richardson International Airport,YWG,Winnipeg,CA,CA-MB,Rain,1981.14,1231.02,FALSE,0,No Delay,5GO6Y3T,1.737838613,104.27,Washington Dulles International Airport,IAD,Washington,US,US-DC,Hail,5,10
$1037.30,TRUE,Xi'an Xianyang International Airport,XIY,Xi'an,CN,SE-BD,Thunder & Lightning,10316.16,6410.16,FALSE,0,No Delay,AIMVL6C,10.1138783,606.833,Winnipeg / James Armstrong Richardson International Airport,YWG,Winnipeg,CA,CA-MB,Sunny,5,10
$1086.53,FALSE,El Dorado International Airport,BOG,Bogota,CO,SE-BD,Clear,16094.61,10000.73,FALSE,0,No Delay,MHPO6X7,14.1180775,847.085,Chengdu Shuangliu International Airport,CTU,Chengdu,CN,SE-BD,Thunder & Lightning,5,10
$438.41,FALSE,Milano Linate Airport,MI11,Milan,IT,IT-25,Heavy Fog,470.184,292.159,FALSE,0,No Delay,I2AN7XR,0.391820282,23.509,Leonardo da Vinci___Fiumicino Airport,RM11,Rome,IT,IT-62,Clear,5,10
$832.26,FALSE,Ministro Pistarini International Airport,EZE,Buenos Aires,AR,AR-B,Heavy Fog,7909.06,4914.46,FALSE,0,No Delay,HCSLCVW,8.238605822,494.316,Louis Armstrong New Orleans International Airport,MSY,New Orleans,US,US-LA,Clear,5,10
$575.37,FALSE,Munich Airport,MUC,Munich,DE,DE-BY,Sunny,375.61,233.393,TRUE,15,Security Delay,JPASNLR,0.667344749,40.041,Milano Linate Airport,MI11,Milan,IT,IT-25,Sunny,5,10
$1107.24,FALSE,Munich Airport,MUC,Munich,DE,DE-BY,Hail,5910.22,3672.44,TRUE,195,Carrier Delay,2TM70P1,9.044329673,542.66,Indira Gandhi International Airport,DEL,New Delhi,IN,SE-BD,Cloudy,5,9
$590.74,FALSE,Tokyo Haneda International Airport,HND,Tokyo,JP,SE-BD,Rain,7784.50,4837.07,FALSE,0,No Delay,HE0N3NA,6.828509963,409.711,Sydney Kingsford Smith International Airport,SYD,Sydney,AU,SE-BD,Cloudy,5,9
$531.48,FALSE,Washington Dulles International Airport,IAD,Washington,US,US-DC,Clear,11407.03,7088.00,FALSE,0,No Delay,VW03Z3U,10.56206358,633.724,Abu Dhabi International Airport,AUH,Abu Dhabi,AE,SE-BD,Clear,5,9
$1105.09,FALSE,Xi'an Xianyang International Airport,XIY,Xi'an,CN,SE-BD,Clear,18861.02,11719.69,FALSE,0,No Delay,XM041QE,17.46390727,1047.83,Ministro Pistarini International Airport,EZE,Buenos Aires,AR,AR-B,Sunny,5,9
$1071.26,FALSE,New Chitose Airport,CTS,Chitose / Tomakomai,JP,SE-BD,Clear,8093.51,5029.08,FALSE,0,No Delay,TQUISY3,6.423423578,385.405,Copenhagen Kastrup Airport,CPH,Copenhagen,DK,DK-84,Rain,5,9
$949.02,FALSE,Tampa International Airport,TPA,Tampa,US,US-FL,Damaging Wind,14588.65,9064.97,TRUE,225,NAS Delay,3EFH9WU,22.45339832,1347.20,Brisbane International Airport,BNE,Brisbane,AU,SE-BD,Thunder & Lightning,5,9
$1125.62,FALSE,London Luton Airport,LTN,London,GB,GB-ENG,Damaging Wind,1848.96,1148.89,FALSE,0,No Delay,ELP8W05,2.201139425,132.068,Falcone Borsellino Airport,PA03,Palermo,IT,IT-82,Clear,5,9
$780.12,FALSE,OR Tambo International Airport,JNB,Johannesburg,ZA,SE-BD,Thunder & Lightning,14153.98,8794.87,FALSE,0,No Delay,TT2KMW4,11.23331462,673.999,General Wayne A. Downing Peoria International Airport,PIA,Peoria,US,US-IL,Hail,5,9
$1167.25,FALSE,Vienna International Airport,VIE,Vienna,AT,AT-9,Clear,8305.50,5160.80,FALSE,0,No Delay,8G90IAN,12.58408539,755.045,OR Tambo International Airport,JNB,Johannesburg,ZA,SE-BD,Thunder & Lightning,5,9
$1146.56,FALSE,Narita International Airport,NRT,Tokyo,JP,SE-BD,Rain,9928.88,6169.52,FALSE,0,No Delay,8WFEA5T,8.709543818,522.573,Leonardo da Vinci - Fiumicino Airport,FCO,Rome,IT,SE-BD,Rain,5,9
$360.24,FALSE,Xi'an Xianyang International Airport,XIY,Xi'an,CN,SE-BD,Sunny,0,0,TRUE,60,Security Delay,HH1GF3V,1,60,Xi'an Xianyang International Airport,XIY,Xi'an,CN,SE-BD,Clear,5,9
$764.07,TRUE,Wichita Mid Continent Airport,ICT,Wichita,US,US-KS,Heavy Fog,9009.01,5597.94,FALSE,0,No Delay,WS3Z5B1,12.5125065,750.75,Falcone Borsellino Airport,PA03,Palermo,IT,IT-82,Clear,5,9
$317.44,FALSE,Portland International Airport,PDX,Portland,US,US-OR,Rain,3872.46,2406.23,FALSE,0,No Delay,AJXW1EG,3.396893457,203.814,Philadelphia International Airport,PHL,Philadelphia,US,US-PA,Sunny,5,9
$950.09,FALSE,London Gatwick Airport,LGW,London,GB,GB-ENG,Rain,485.676,301.785,FALSE,0,No Delay,XW6SZXV,0.674549741,40.473,Dublin Airport,DUB,Dublin,IE,IE-D,Clear,5,9
$741.30,FALSE,Rajiv Gandhi International Airport,HYD,Hyderabad,IN,SE-BD,Sunny,9220.79,5729.53,FALSE,0,No Delay,HI595RC,7.683988313,461.039,Melbourne International Airport,MEL,Melbourne,AU,SE-BD,Hail,5,9
$912.04,FALSE,Minneapolis-St Paul International/Wold-Chamberlain Airport,MSP,Minneapolis,US,US-MN,Rain,7888.99,4901.99,TRUE,105,NAS Delay,DS2YASD,9.054615585,543.277,Leonardo da Vinci___Fiumicino Airport,RM11,Rome,IT,IT-62,Sunny,5,9
$917.69,FALSE,Warsaw Chopin Airport,WAW,Warsaw,PL,PL-MZ,Sunny,9946.88,6180.71,FALSE,0,No Delay,GQHN39K,10.36133368,621.68,El Dorado International Airport,BOG,Bogota,CO,CO-CUN,Clear,5,9
$820.43,FALSE,Xi'an Xianyang International Airport,XIY,Xi'an,CN,SE-BD,Heavy Fog,10316.16,6410.16,FALSE,0,No Delay,WZKO0S1,13.22584085,793.55,Winnipeg / James Armstrong Richardson International Airport,YWG,Winnipeg,CA,CA-MB,Sunny,5,9
$1186.65,TRUE,Montreal / Pierre Elliott Trudeau International Airport,YUL,Montreal,CA,CA-QC,Damaging Wind,6626.21,4117.34,FALSE,0,No Delay,IHDNFPL,6.496283399,389.777,Ciampino___G. B. Pastine International Airport,RM12,Rome,IT,IT-62,Rain,5,9
$1048.97,TRUE,Manchester Airport,MAN,Manchester,GB,GB-ENG,Clear,9452.99,5873.82,FALSE,0,No Delay,K8M07W3,7.877493949,472.65,Kansai International Airport,KIX,Osaka,JP,SE-BD,Thunder & Lightning,5,8
$605.92,FALSE,Xi'an Xianyang International Airport,XIY,Xi'an,CN,SE-BD,Rain,6818.53,4236.84,FALSE,0,No Delay,HU52Y11,6.313456445,378.807,Stockholm-Arlanda Airport,ARN,Stockholm,SE,SE-AB,Clear,5,8
$1089.99,FALSE,Seattle Tacoma International Airport,SEA,Seattle,US,US-WA,Rain,7064.51,4389.68,FALSE,0,No Delay,ET3168F,9.057063926,543.424,New Chitose Airport,CTS,Chitose / Tomakomai,JP,SE-BD,Clear,5,8
$582.95,FALSE,London Luton Airport,LTN,London,GB,GB-ENG,Sunny,9227.59,5733.76,FALSE,0,No Delay,WLRC9T3,9.046654743,542.799,Jeju International Airport,CJU,Jeju City,KR,SE-BD,Clear,5,8
$591.25,FALSE,Sydney Kingsford Smith International Airport,SYD,Sydney,AU,SE-BD,Clear,15869.95,9861.13,TRUE,255,Security Delay,F7ROWI0,17.47495825,1048.50,Ottawa Macdonald-Cartier International Airport,YOW,Ottawa,CA,CA-ON,Sunny,5,8
$1049.73,TRUE,Verona Villafranca Airport,VR10,Verona,IT,IT-34,Rain,9525.30,5918.75,FALSE,0,No Delay,PDJFCZX,12.21191871,732.715,Itami Airport,ITM,Osaka,JP,SE-BD,Thunder & Lightning,5,8
$974.67,FALSE,Il Caravaggio International Airport,BG01,Bergamo,IT,IT-25,Clear,9628.46,5982.85,FALSE,0,No Delay,CP8FYS7,12.34418318,740.651,Chubu Centrair International Airport,NGO,Tokoname,JP,SE-BD,Sunny,5,8
$918.47,FALSE,Edmonton International Airport,CYEG,Edmonton,CA,CA-AB,Rain,7962.87,4947.90,FALSE,0,No Delay,11QD22O,7.373023541,442.381,Bologna Guglielmo Marconi Airport,BO08,Bologna,IT,IT-45,Rain,5,8
$756.22,FALSE,Leonardo da Vinci___Fiumicino Airport,RM11,Rome,IT,IT-62,Clear,7089.19,4405.02,FALSE,0,No Delay,IJ1XAM9,8.439516323,506.371,Buffalo Niagara International Airport,BUF,Buffalo,US,US-NY,Cloudy,5,8
$1140.73,FALSE,Oslo Gardermoen Airport,OSL,Oslo,NO,NO-02,Clear,7739.23,4808.94,FALSE,0,No Delay,SXWKP9P,6.449358953,386.962,New Chitose Airport,CTS,Chitose / Tomakomai,JP,SE-BD,Sunny,5,7
$904.08,FALSE,Dubai International Airport,DXB,Dubai,AE,SE-BD,Rain,12232.17,7600.72,FALSE,0,No Delay,L0Y1WIQ,9.708068784,582.484,Casper-Natrona County International Airport,CPR,Casper,US,US-WY,Rain,5,7
$652.32,FALSE,Ottawa Macdonald-Cartier International Airport,YOW,Ottawa,CA,CA-ON,Cloudy,10571.05,6568.55,FALSE,0,No Delay,KN1SH0B,9.788012685,587.281,Incheon International Airport,ICN,Seoul,KR,SE-BD,Sunny,5,7
$1037.23,FALSE,San Francisco International Airport,SFO,San Francisco,US,US-CA,Rain,8204.31,5097.92,FALSE,0,No Delay,H014GS8,6.511354228,390.681,Dublin Airport,DUB,Dublin,IE,IE-D,Clear,5,7
$782.95,FALSE,Winnipeg / James Armstrong Richardson International Airport,YWG,Winnipeg,CA,CA-MB,Clear,7379.45,4585.38,FALSE,0,No Delay,NC6B300,5.856704778,351.402,Verona Villafranca Airport,VR10,Verona,IT,IT-34,Rain,5,7
$917.65,FALSE,Sheremetyevo International Airport,SVO,Moscow,RU,RU-MOS,Thunder & Lightning,2541.87,1579.44,TRUE,360,Carrier Delay,APKKF69,9.026030073,541.562,Manchester Airport,MAN,Manchester,GB,GB-ENG,Damaging Wind,5,7
$547.84,FALSE,Olenya Air Base,XLMO,Olenegorsk,RU,RU-MUR,Hail,6962.97,4326.59,TRUE,150,Weather Delay,DRQMZMR,9.326436646,559.586,Kansai International Airport,KIX,Osaka,JP,SE-BD,Damaging Wind,5,7
$802.48,FALSE,Luis Munoz Marin International Airport,SJU,San Juan,PR,PR-U-A,Cloudy,6749.84,4194.16,FALSE,0,No Delay,GZGY5XF,7.499826578,449.99,London Gatwick Airport,LGW,London,GB,GB-ENG,Cloudy,5,7
$835.63,FALSE,Turin Airport,TO11,Torino,IT,IT-21,Damaging Wind,7629.68,4740.87,FALSE,0,No Delay,8VHWP0T,7.480080292,448.805,St Louis Lambert International Airport,STL,St Louis,US,US-MO,Damaging Wind,5,7
$928.48,TRUE,Licenciado Benito Juarez International Airport,AICM,Mexico City,MX,MX-DIF,Heavy Fog,9435.60,5863.01,FALSE,0,No Delay,ZCE3JHF,9.250583012,555.035,Cologne Bonn Airport,CGN,Cologne,DE,DE-NW,Clear,5,7
$865.48,FALSE,Falcone Borsellino Airport,PA03,Palermo,IT,IT-82,Rain,15197.01,9442.98,FALSE,0,No Delay,6U3RJ94,13.33070744,799.842,Adelaide International Airport,ADL,Adelaide,AU,SE-BD,Rain,5,7
$783.03,FALSE,Shanghai Hongqiao International Airport,SHA,Shanghai,CN,SE-BD,Thunder & Lightning,8764.56,5446.05,TRUE,315,Late Aircraft Delay,XNGVI4W,12.20600145,732.36,Munich Airport,MUC,Munich,DE,DE-BY,Thunder & Lightning,5,7
$513.97,FALSE,San Diego International Airport,SAN,San Diego,US,US-CA,Rain,9399.72,5840.71,FALSE,0,No Delay,GVD8IM0,9.215409587,552.925,Frankfurt am Main Airport,FRA,Frankfurt am Main,DE,DE-HE,Damaging Wind,5,7
$1075.39,FALSE,Milano Linate Airport,MI11,Milan,IT,IT-25,Rain,7433.12,4618.73,TRUE,315,NAS Delay,KWEGV9W,11.77028324,706.217,Luis Munoz Marin International Airport,SJU,San Juan,PR,PR-U-A,Rain,5,6
$1185.97,FALSE,Zurich Airport,ZRH,Zurich,CH,CH-ZH,Clear,9018.51,5603.84,FALSE,0,No Delay,VJTV73Z,7.515421948,450.925,Shanghai Hongqiao International Airport,SHA,Shanghai,CN,SE-BD,Clear,5,6
$691.52,FALSE,Tokyo Haneda International Airport,HND,Tokyo,JP,SE-BD,Heavy Fog,8957.50,5565.93,FALSE,0,No Delay,N4SDMKW,10.66369048,639.821,Berlin-Tegel Airport,TXL,Berlin,DE,DE-BE,Cloudy,5,6
$695.64,FALSE,Dubai International Airport,DXB,Dubai,AE,SE-BD,Cloudy,7619.77,4734.70,TRUE,60,Late Aircraft Delay,7SHC4Z0,10.07114892,604.269,Cape Town International Airport,CPT,Cape Town,ZA,SE-BD,Sunny,5,6
$599.86,FALSE,Montreal / Pierre Elliott Trudeau International Airport,YUL,Montreal,CA,CA-QC,Cloudy,6602.08,4102.34,FALSE,0,No Delay,LQ4DQVJ,6.472628198,388.358,Leonardo da Vinci - Fiumicino Airport,FCO,Rome,IT,SE-BD,Thunder & Lightning,5,6
$960.18,FALSE,Ottawa Macdonald-Cartier International Airport,YOW,Ottawa,CA,CA-ON,Sunny,6689.01,4156.36,TRUE,255,Carrier Delay,HII53JA,12.82565608,769.539,Cagliari Elmas Airport,CA07,Cagliari,IT,IT-88,Hail,5,6
$973.20,TRUE,Xi'an Xianyang International Airport,XIY,Xi'an,CN,SE-BD,Damaging Wind,18861.02,11719.69,FALSE,0,No Delay,S3QYVNX,22.45359506,1347.22,Ministro Pistarini International Airport,EZE,Buenos Aires,AR,AR-B,Cloudy,5,6
$340.58,FALSE,Xi'an Xianyang International Airport,XIY,Xi'an,CN,SE-BD,Cloudy,0,0,FALSE,0,No Delay,YNY878U,0,0,Xi'an Xianyang International Airport,XIY,Xi'an,CN,SE-BD,Sunny,5,6
$277.91,FALSE,Shanghai Pudong International Airport,PVG,Shanghai,CN,SE-BD,Cloudy,1707.29,1060.86,FALSE,0,No Delay,88013P6,1.497621108,89.857,Chengdu Shuangliu International Airport,CTU,Chengdu,CN,SE-BD,Sunny,5,6
$634.08,FALSE,King Shaka International Airport,DUR,Durban,ZA,SE-BD,Thunder & Lightning,11748.25,7300.03,FALSE,0,No Delay,WM99WL1,13.98601305,839.161,El Dorado International Airport,BOG,Bogota,CO,CO-CUN,Thunder & Lightning,5,6
$1181.42,FALSE,Mariscal Sucre International Airport,UIO,Quito,EC,EC-P,Sunny,14331.02,8904.88,TRUE,45,Carrier Delay,8L18ARF,12.12382701,727.43,Dubai International Airport,DXB,Dubai,AE,SE-BD,Clear,5,5
$870.28,FALSE,Munich Airport,MUC,Munich,DE,DE-BY,Clear,381.717,237.188,FALSE,0,No Delay,MHGXZZ8,0.3180975,19.086,Malpensa International Airport,MI12,Milan,IT,IT-25,Cloudy,5,5
$1029.30,FALSE,Kansai International Airport,KIX,Osaka,JP,SE-BD,Cloudy,7628.27,4739.99,FALSE,0,No Delay,LR893SU,6.691462393,401.488,Al Maktoum International Airport,DWC,Jebel Ali,AE,SE-BD,Cloudy,5,5
$915.06,FALSE,Il Caravaggio International Airport,BG01,Bergamo,IT,IT-25,Clear,8851.50,5500.07,FALSE,0,No Delay,HL70QS6,8.195837075,491.75,Gimpo International Airport,GMP,Seoul,KR,SE-BD,Rain,5,5
$561.97,FALSE,Sheremetyevo International Airport,SVO,Moscow,RU,RU-MOS,Cloudy,7761.56,4822.81,FALSE,0,No Delay,ATWVHCT,11.75993937,705.596,Austin Straubel International Airport,GRB,Green Bay,US,US-WI,Rain,5,5
$677.96,FALSE,Tokyo Haneda International Airport,HND,Tokyo,JP,SE-BD,Hail,9336.57,5801.47,TRUE,30,Weather Delay,9JJSUMZ,10.87396081,652.438,Phoenix Sky Harbor International Airport,PHX,Phoenix,US,US-AZ,Heavy Fog,5,5
$815.19,FALSE,Milano Linate Airport,MI11,Milan,IT,IT-25,Cloudy,8881.78,5518.88,TRUE,180,Weather Delay,IFHG88Z,10.79103171,647.462,Incheon International Airport,ICN,Seoul,KR,SE-BD,Cloudy,5,5
$1170.54,FALSE,Jorge Chavez International Airport,LIM,Lima,PE,SE-BD,Clear,15879.83,9867.27,TRUE,45,Late Aircraft Delay,RWH362V,14.67967693,880.781,Itami Airport,ITM,Osaka,JP,SE-BD,Cloudy,5,5
$792.09,TRUE,Xi'an Xianyang International Airport,XIY,Xi'an,CN,SE-BD,Heavy Fog,11401.48,7084.55,TRUE,195,NAS Delay,KFJG3GG,15.12654399,907.593,Syracuse Hancock International Airport,SYR,Syracuse,US,US-NY,Cloudy,5,4
$922.02,FALSE,Sheremetyevo International Airport,SVO,Moscow,RU,RU-MOS,Heavy Fog,1609.68,1000.21,TRUE,180,Late Aircraft Delay,V8Z10LB,4.277521628,256.651,Oslo Gardermoen Airport,OSL,Oslo,NO,NO-02,Sunny,5,4
$897.46,FALSE,Ministro Pistarini International Airport,EZE,Buenos Aires,AR,SE-BD,Cloudy,12242.64,7607.23,TRUE,105,Late Aircraft Delay,EE8DRC4,13.08578128,785.147,Ataturk International Airport,IST,Istanbul,TR,TR-34,Cloudy,5,4
$820.74,FALSE,St Louis Lambert International Airport,STL,St Louis,US,US-MO,Cloudy,7732.64,4804.84,FALSE,0,No Delay,1AHKSRA,6.137013695,368.221,Il Caravaggio International Airport,BG01,Bergamo,IT,IT-25,Rain,5,4
$763.56,FALSE,London Gatwick Airport,LGW,London,GB,GB-ENG,Cloudy,1505.78,935.65,TRUE,300,Carrier Delay,I1SYT93,6.254819317,375.289,Cagliari Elmas Airport,CA07,Cagliari,IT,IT-88,Cloudy,5,4
$1053.30,TRUE,Stockholm-Arlanda Airport,ARN,Stockholm,SE,SE-AB,Sunny,2210.78,1373.71,FALSE,0,No Delay,RDXM2VY,2.047017098,122.821,Ataturk International Airport,IST,Istanbul,TR,TR-34,Hail,5,4
$1107.38,FALSE,Il Caravaggio International Airport,BG01,Bergamo,IT,IT-25,Sunny,11913.33,7402.60,TRUE,195,Carrier Delay,NBOA4X7,14.92973934,895.784,Comodoro Arturo Merino Benitez International Airport,SCL,Santiago,CL,SE-BD,Thunder & Lightning,5,4
$594.99,FALSE,Kempegowda International Airport,BLR,Bangalore,IN,SE-BD,Cloudy,12557.27,7802.73,TRUE,345,Late Aircraft Delay,GJTJ47T,17.37710487,1042.63,Edmonton International Airport,CYEG,Edmonton,CA,CA-AB,Thunder & Lightning,5,4
$1171.50,FALSE,Jorge Chavez International Airport,LIM,Lima,PE,SE-BD,Rain,11086.56,6888.87,FALSE,0,No Delay,5PO0PAE,9.23880181,554.328,Berlin-Tegel Airport,TXL,Berlin,DE,DE-BE,Hail,5,4
$1081.26,FALSE,Milano Linate Airport,MI11,Milan,IT,IT-25,Cloudy,9839.45,6113.95,TRUE,270,Carrier Delay,JGGZAS1,13.61059869,816.636,Licenciado Benito Juarez International Airport,AICM,Mexico City,MX,MX-DIF,Rain,5,4
$363.27,FALSE,Tampa International Airport,TPA,Tampa,US,US-FL,Rain,3648.63,2267.15,FALSE,0,No Delay,8EU0LQG,3.800652771,228.039,Reno Tahoe International Airport,RNO,Reno,US,US-NV,Cloudy,5,4
$1151.94,FALSE,Treviso-Sant'Angelo Airport,TV01,Treviso,IT,IT-34,Cloudy,557.768,346.581,FALSE,0,No Delay,BWLV215,0.619742061,37.185,Frankfurt am Main Airport,FRA,Frankfurt am Main,DE,DE-HE,Thunder & Lightning,5,4
$667.35,FALSE,Indira Gandhi International Airport,DEL,New Delhi,IN,SE-BD,Sunny,5619.73,3491.94,FALSE,0,No Delay,YHA9IDT,5.853886491,351.233,Chubu Centrair International Airport,NGO,Tokoname,JP,SE-BD,Clear,5,4
$1084.34,FALSE,Guangzhou Baiyun International Airport,CAN,Guangzhou,CN,SE-BD,Thunder & Lightning,5837.05,3626.97,FALSE,0,No Delay,TRUDCX7,6.485609433,389.137,Dubai International Airport,DXB,Dubai,AE,SE-BD,Clear,5,4
$1123.36,FALSE,Winnipeg / James Armstrong Richardson International Airport,YWG,Winnipeg,CA,CA-MB,Thunder & Lightning,7436.24,4620.66,TRUE,30,Carrier Delay,HJ43LGN,11.76702363,706.021,Vienna International Airport,VIE,Vienna,AT,AT-9,Rain,5,3
$358.13,FALSE,Cape Town International Airport,CPT,Cape Town,ZA,SE-BD,Clear,0,0,FALSE,0,No Delay,UKSGQ07,0,0,Cape Town International Airport,CPT,Cape Town,ZA,SE-BD,Cloudy,5,3
$719.12,FALSE,Kansai International Airport,KIX,Osaka,JP,SE-BD,Clear,9934.71,6173.14,FALSE,0,No Delay,KNUOG00,11.03856225,662.314,Catania-Fontanarossa Airport,CT03,Catania,IT,IT-82,Sunny,5,3
$630.18,FALSE,Hartsfield Jackson Atlanta International Airport,ATL,Atlanta,US,US-GA,Sunny,7555.80,4694.96,FALSE,0,No Delay,QLC7RZ8,10.49416972,629.65,Comodoro Arturo Merino Benitez International Airport,SCL,Santiago,CL,SE-BD,Cloudy,5,3
$970.55,TRUE,Sheremetyevo International Airport,SVO,Moscow,RU,RU-MOS,Rain,6865.20,4265.84,FALSE,0,No Delay,I21FK2L,5.448574637,326.914,Shanghai Pudong International Airport,PVG,Shanghai,CN,SE-BD,Damaging Wind,5,3
$946.14,FALSE,Helsinki Vantaa Airport,HEL,Helsinki,FI,FI-ES,Thunder & Lightning,1530.21,950.826,FALSE,0,No Delay,9LVFN1I,1.416856824,85.011,Cologne Bonn Airport,CGN,Cologne,DE,DE-NW,Hail,5,3
$873.26,FALSE,Winnipeg / James Armstrong Richardson International Airport,YWG,Winnipeg,CA,CA-MB,Cloudy,1981.14,1231.02,FALSE,0,No Delay,YBTGR7A,1.650946682,99.057,Washington Dulles International Airport,IAD,Washington,US,US-DC,Rain,5,2
$738.22,FALSE,Tokyo Haneda International Airport,HND,Tokyo,JP,SE-BD,Hail,9002.12,5593.66,FALSE,0,No Delay,77ILHGU,7.501764516,450.106,San Diego International Airport,SAN,San Diego,US,US-CA,Cloudy,5,2
$856.89,TRUE,Mariscal Sucre International Airport,UIO,Quito,EC,EC-P,Damaging Wind,4853.89,3016.07,FALSE,0,No Delay,Q7KP2LX,5.778444799,346.707,Lester B. Pearson International Airport,YYZ,Toronto,CA,CA-ON,Damaging Wind,5,2
$1064.80,FALSE,Verona Villafranca Airport,VR10,Verona,IT,IT-34,Thunder & Lightning,9525.30,5918.75,TRUE,45,Carrier Delay,8F78911,8.687747162,521.265,Itami Airport,ITM,Osaka,JP,SE-BD,Cloudy,5,2
$903.69,FALSE,Sheremetyevo International Airport,SVO,Moscow,RU,RU-MOS,Rain,6971.21,4331.71,FALSE,0,No Delay,MY6KJ31,6.115100409,366.906,New Chitose Airport,CTS,Chitose / Tomakomai,JP,SE-BD,Clear,5,2
$1098.71,FALSE,Scott AFB/Midamerica Airport,BLV,Belleville,US,US-IL,Sunny,7674.69,4768.83,FALSE,0,No Delay,EWOOQG4,9.839347654,590.361,Munich Airport,MUC,Munich,DE,DE-BY,Rain,5,2
$1112.58,FALSE,Venice Marco Polo Airport,VE05,Venice,IT,IT-34,Rain,8532.65,5301.94,FALSE,0,No Delay,CUDNYCS,7.110539701,426.632,King Shaka International Airport,DUR,Durban,ZA,SE-BD,Rain,5,2
$967.22,FALSE,Vienna International Airport,VIE,Vienna,AT,AT-9,Cloudy,568.348,353.155,FALSE,0,No Delay,LDY2AQ0,0.473623641,28.417,Bologna Guglielmo Marconi Airport,BO08,Bologna,IT,IT-45,Heavy Fog,5,2
$850.09,FALSE,Ciampino___G. B. Pastine International Airport,RM12,Rome,IT,IT-62,Clear,1357.66,843.611,FALSE,0,No Delay,5DIAQ0V,2.057060428,123.424,Ataturk International Airport,IST,Istanbul,TR,TR-34,Rain,5,2
$1151.38,FALSE,Venice Marco Polo Airport,VE05,Venice,IT,IT-34,Sunny,8391.62,5214.31,FALSE,0,No Delay,B10HTDE,11.65502206,699.301,Jackson-Medgar Wiley Evers International Airport,JAN,Jackson,US,US-MS,Rain,5,2
$203.27,FALSE,Rajiv Gandhi International Airport,HYD,Hyderabad,IN,SE-BD,Rain,453.019,281.493,FALSE,0,No Delay,4KIHHPR,0.6863928,41.184,Kempegowda International Airport,BLR,Bangalore,IN,SE-BD,Sunny,5,2
$696.68,FALSE,London Heathrow Airport,LHR,London,GB,GB-ENG,Thunder & Lightning,6744.12,4190.60,FALSE,0,No Delay,B6JKE1O,6.611879568,396.713,Indira Gandhi International Airport,DEL,New Delhi,IN,SE-BD,Cloudy,5,2
$682.83,FALSE,Winnipeg / James Armstrong Richardson International Airport,YWG,Winnipeg,CA,CA-MB,Heavy Fog,7286.13,4527.39,FALSE,0,No Delay,YX6055R,7.143264782,428.596,Warsaw Chopin Airport,WAW,Warsaw,PL,PL-MZ,Clear,5,2
$704.40,FALSE,Jeju International Airport,CJU,Jeju City,KR,SE-BD,Clear,9512.16,5910.58,FALSE,0,No Delay,6UDK25C,8.344001389,500.64,Falcone Borsellino Airport,PA03,Palermo,IT,IT-82,Cloudy,5,1
$254.77,FALSE,Wichita Mid Continent Airport,ICT,Wichita,US,US-KS,Cloudy,2164.50,1344.96,FALSE,0,No Delay,T8BF3X9,2.774994768,166.5,Bradley International Airport,BDL,Hartford,US,US-CT,Clear,5,1
$904.01,TRUE,Vienna International Airport,VIE,Vienna,AT,AT-9,Rain,547.175,339.999,FALSE,0,No Delay,VMZMZW6,0.50664346,30.399,Berlin-Tegel Airport,TXL,Berlin,DE,DE-BE,Damaging Wind,5,1
$759.90,FALSE,Washington Dulles International Airport,IAD,Washington,US,US-DC,Rain,6860.80,4263.11,FALSE,0,No Delay,G8F1PDO,8.795902246,527.754,Munich Airport,MUC,Munich,DE,DE-BY,Sunny,5,1
$740.94,FALSE,Des Moines International Airport,DSM,Des Moines,US,US-IA,Rain,11818.55,7343.71,FALSE,0,No Delay,CE5KR4H,9.379802008,562.788,Chengdu Shuangliu International Airport,CTU,Chengdu,CN,SE-BD,Cloudy,5,1
$952.76,FALSE,San Francisco International Airport,SFO,San Francisco,US,US-CA,Sunny,7244.26,4501.37,FALSE,0,No Delay,2DRVIFE,6.707647564,402.459,Jorge Chavez International Airport,LIM,Lima,PE,SE-BD,Clear,5,1
$1069.51,FALSE,San Diego International Airport,SAN,San Diego,US,US-CA,Damaging Wind,9695.35,6024.41,FALSE,0,No Delay,OK4GWOP,7.69472461,461.683,Munich Airport,MUC,Munich,DE,DE-BY,Heavy Fog,5,1
$1017.54,FALSE,Ukrainka Air Base,XHBU,Belogorsk,RU,RU-AMU,Rain,1536.89,954.981,FALSE,0,No Delay,KRMHCUM,1.219755939,73.185,Beijing Capital International Airport,PEK,Beijing,CN,SE-BD,Rain,5,1
$1134.40,FALSE,Venice Marco Polo Airport,VE05,Venice,IT,IT-34,Rain,577.575,358.888,TRUE,210,Weather Delay,W8VDZE3,4.101640385,246.098,Frankfurt am Main Airport,FRA,Frankfurt am Main,DE,DE-HE,Sunny,5,1
$964.67,FALSE,Sheremetyevo International Airport,SVO,Moscow,RU,RU-MOS,Cloudy,2491.05,1547.87,TRUE,255,Carrier Delay,A7X2YXI,8.024314451,481.459,London Luton Airport,LTN,London,GB,GB-ENG,Clear,5,0
$1080.98,FALSE,Raleigh Durham International Airport,RDU,Raleigh/Durham,US,US-NC,Sunny,13558.58,8424.91,FALSE,0,No Delay,CTWUSR5,12.55423692,753.254,King Shaka International Airport,DUR,Durban,ZA,SE-BD,Cloudy,5,0
$349.83,FALSE,Shanghai Hongqiao International Airport,SHA,Shanghai,CN,SE-BD,Rain,1174.36,729.712,FALSE,0,No Delay,WJ0AQV0,1.304841656,78.29,Guangzhou Baiyun International Airport,CAN,Guangzhou,CN,SE-BD,Clear,5,0
$911.99,FALSE,Stockholm-Arlanda Airport,ARN,Stockholm,SE,SE-AB,Cloudy,1429.95,888.528,FALSE,0,No Delay,88J0SEY,2.166586414,129.995,London Luton Airport,LTN,London,GB,GB-ENG,Clear,5,0
$789.32,TRUE,Phoenix Sky Harbor International Airport,PHX,Phoenix,US,US-AZ,Heavy Fog,9940.95,6177.02,FALSE,0,No Delay,2A9QZ1W,8.284125808,497.048,Ciampino___G. B. Pastine International Airport,RM12,Rome,IT,IT-62,Cloudy,5,0
$710.69,TRUE,Shanghai Hongqiao International Airport,SHA,Shanghai,CN,SE-BD,Sunny,11444.00,7110.97,FALSE,0,No Delay,X0VX2GJ,9.536669536,572.2,Lester B. Pearson International Airport,YYZ,Toronto,CA,CA-ON,Thunder & Lightning,5,0
$925.93,TRUE,Zurich Airport,ZRH,Zurich,CH,CH-ZH,Clear,7088.60,4404.65,FALSE,0,No Delay,RZT22CH,8.438807526,506.328,Winnipeg / James Armstrong Richardson International Airport,YWG,Winnipeg,CA,CA-MB,Heavy Fog,5,0
$996.13,FALSE,Ottawa Macdonald-Cartier International Airport,YOW,Ottawa,CA,CA-ON,Sunny,5626.99,3496.45,FALSE,0,No Delay,13X5SKH,4.68915646,281.349,Oslo Gardermoen Airport,OSL,Oslo,NO,NO-02,Sunny,5,0
$1061.28,FALSE,Winnipeg / James Armstrong Richardson International Airport,YWG,Winnipeg,CA,CA-MB,Rain,7379.45,4585.38,FALSE,0,No Delay,1X5NZHT,7.234752961,434.085,Verona Villafranca Airport,VR10,Verona,IT,IT-34,Rain,5,0
$1167.85,FALSE,Warsaw Chopin Airport,WAW,Warsaw,PL,PL-MZ,Clear,1246.30,774.418,FALSE,0,No Delay,6XJWHJ0,1.597826007,95.87,Turin Airport,TO11,Torino,IT,IT-21,Clear,5,0
$1072.74,FALSE,Jeju International Airport,CJU,Jeju City,KR,SE-BD,Sunny,8925.05,5545.77,FALSE,0,No Delay,ZHJ60WD,12.39590479,743.754,Frankfurt am Main Airport,FRA,Frankfurt am Main,DE,DE-HE,Rain,5,0
$452.58,FALSE,Mariscal Sucre International Airport,UIO,Quito,EC,EC-P,Clear,0,0,FALSE,0,No Delay,JFNKXKR,0,0,Mariscal Sucre International Airport,UIO,Quito,EC,EC-P,Cloudy,5,0
$300.34,FALSE,Chicago O'Hare International Airport,ORD,Chicago,US,US-IL,Rain,1798.90,1117.79,TRUE,15,Late Aircraft Delay,Y9FDTVT,2.975606544,178.536,Albuquerque International Sunport Airport,ABQ,Albuquerque,US,US-NM,Clear,5,0
$725.19,FALSE,Itami Airport,ITM,Osaka,JP,SE-BD,Sunny,17608.32,10941.30,FALSE,0,No Delay,XSOOLVL,18.34199718,1100.52,Comodoro Arturo Merino Benitez International Airport,SCL,Santiago,CL,SE-BD,Damaging Wind,5,0
$935.23,FALSE,Sydney Kingsford Smith International Airport,SYD,Sydney,AU,SE-BD,Heavy Fog,8309.33,5163.18,FALSE,0,No Delay,EL5IUA2,10.6529875,639.179,Gimpo International Airport,GMP,Seoul,KR,SE-BD,Sunny,5,0
$399.80,FALSE,Tulsa International Airport,TUL,Tulsa,US,US-OK,Clear,990.217,615.292,TRUE,210,Carrier Delay,LZ9HG8W,4.368611314,262.117,Minneapolis-St Paul International/Wold-Chamberlain Airport,MSP,Minneapolis,US,US-MN,Cloudy,5,0
$771.39,FALSE,Edmonton International Airport,CYEG,Edmonton,CA,CA-AB,Sunny,7178.79,4460.70,FALSE,0,No Delay,V1TCR2A,8.546182189,512.771,Charles de Gaulle International Airport,CDG,Paris,FR,FR-J,Cloudy,5,0
$1190.23,FALSE,Sheremetyevo International Airport,SVO,Moscow,RU,RU-MOS,Clear,6865.20,4265.84,FALSE,0,No Delay,9MUYVIG,7.151254211,429.075,Shanghai Pudong International Airport,PVG,Shanghai,CN,SE-BD,Heavy Fog,5,0
$1010.57,TRUE,Shanghai Hongqiao International Airport,SHA,Shanghai,CN,SE-BD,Damaging Wind,9243.81,5743.84,FALSE,0,No Delay,OS7OSHA,7.336357908,440.181,London Gatwick Airport,LGW,London,GB,GB-ENG,Heavy Fog,5,0
$479.25,TRUE,Rochester International Airport,RST,Rochester,US,US-MN,Thunder & Lightning,7186.05,4465.20,FALSE,0,No Delay,RDTJA5J,8.554817259,513.289,Berlin-Tegel Airport,TXL,Berlin,DE,DE-BE,Rain,4,23
$924.22,FALSE,Mariscal Sucre International Airport,UIO,Quito,EC,SE-BD,Thunder & Lightning,3766.39,2340.33,FALSE,0,No Delay,WOCLPVJ,4.828703994,289.722,Comodoro Arturo Merino Benitez International Airport,SCL,Santiago,CL,SE-BD,Rain,4,23
$313.87,FALSE,Turin Airport,TO11,Torino,IT,IT-21,Cloudy,818.231,508.425,TRUE,105,Late Aircraft Delay,7K350BT,2.507620957,150.457,Amsterdam Airport Schiphol,AMS,Amsterdam,NL,NL-NH,Rain,4,23
$734.35,FALSE,Oslo Gardermoen Airport,OSL,Oslo,NO,NO-02,Damaging Wind,7694.32,4781.03,TRUE,165,NAS Delay,L2UCOGQ,9.499401434,569.964,Gimpo International Airport,GMP,Seoul,KR,SE-BD,Thunder & Lightning,4,23
$959.64,FALSE,Portland International Jetport Airport,PWM,Portland,US,US-ME,Clear,9916.29,6161.69,FALSE,0,No Delay,6WZSVZE,10.32946443,619.768,New Chitose Airport,CTS,Chitose / Tomakomai,JP,SE-BD,Cloudy,4,23
$488.35,FALSE,Vienna International Airport,VIE,Vienna,AT,AT-9,Rain,7366.69,4577.45,FALSE,0,No Delay,R8G9L0E,9.444472103,566.668,Chengdu Shuangliu International Airport,CTU,Chengdu,CN,SE-BD,Rain,4,23
$940.23,FALSE,Venice Marco Polo Airport,VE05,Venice,IT,IT-34,Rain,7140.67,4437.01,FALSE,0,No Delay,DB4SPUG,9.15470635,549.282,Richmond International Airport,RIC,Richmond,US,US-VA,Sunny,4,23
$987.16,FALSE,Oslo Gardermoen Airport,OSL,Oslo,NO,NO-02,Clear,1142.37,709.834,FALSE,0,No Delay,UN9QNAQ,1.269297111,76.158,Frankfurt am Main Airport,FRA,Frankfurt am Main,DE,DE-HE,Hail,4,23
$613.66,TRUE,Warsaw Chopin Airport,WAW,Warsaw,PL,PL-MZ,Rain,8305.76,5160.96,FALSE,0,No Delay,1GXF2QH,8.651831019,519.11,Orlando Sanford International Airport,SFB,Orlando,US,US-FL,Heavy Fog,4,23
$255.63,FALSE,San Antonio International Airport,SAT,San Antonio,US,US-TX,Sunny,3916.32,2433.49,FALSE,0,No Delay,H7KZE8U,4.662286779,279.737,Mariscal Sucre International Airport,UIO,Quito,EC,SE-BD,Damaging Wind,4,23
$192.02,FALSE,Pisa International Airport,PI05,Pisa,IT,IT-52,Sunny,652.419,405.395,TRUE,90,Security Delay,M16YNRN,2.488513969,149.311,Falcone Borsellino Airport,PA03,Palermo,IT,IT-82,Cloudy,4,23
$581.37,TRUE,Melbourne International Airport,MEL,Melbourne,AU,SE-BD,Thunder & Lightning,13926.16,8653.31,FALSE,0,No Delay,FVNE2GR,13.65309416,819.186,Mariscal Sucre International Airport,UIO,Quito,EC,SE-BD,Damaging Wind,4,23
$301.08,FALSE,OR Tambo International Airport,JNB,Johannesburg,ZA,SE-BD,Cloudy,9287.66,5771.08,TRUE,105,Late Aircraft Delay,A05HK6I,12.06962139,724.177,Manchester Airport,MAN,Manchester,GB,GB-ENG,Sunny,4,23
$886.89,FALSE,Tucson International Airport,TUS,Tucson,US,US-AZ,Heavy Fog,10580.94,6574.69,TRUE,270,Late Aircraft Delay,6REG0UW,14.29716635,857.83,Jeju International Airport,CJU,Jeju City,KR,SE-BD,Sunny,4,23
$639.34,FALSE,Sheremetyevo International Airport,SVO,Moscow,RU,RU-MOS,Thunder & Lightning,2491.05,1547.87,FALSE,0,No Delay,6R8YQWX,3.459788247,207.587,London Luton Airport,LTN,London,GB,GB-ENG,Sunny,4,22
$827.33,FALSE,Ukrainka Air Base,XHBU,Belogorsk,RU,RU-AMU,Rain,9971.76,6196.16,FALSE,0,No Delay,9PHWZN7,7.914093009,474.846,Melbourne International Airport,MEL,Melbourne,AU,SE-BD,Rain,4,22
$448.16,FALSE,General Mitchell International Airport,MKE,Milwaukee,US,US-WI,Hail,4449.19,2764.60,FALSE,0,No Delay,24B12T8,5.296657142,317.799,El Dorado International Airport,BOG,Bogota,CO,CO-CUN,Rain,4,22
$200.19,FALSE,McCarran International Airport,LAS,Las Vegas,US,US-NV,Damaging Wind,0,0,FALSE,0,No Delay,DW5TI7F,0,0,McCarran International Airport,LAS,Las Vegas,US,US-NV,Heavy Fog,4,22
$322.59,FALSE,Mariscal Sucre International Airport,UIO,Quito,EC,SE-BD,Sunny,6758.48,4199.53,FALSE,0,No Delay,6TNESBF,7.040085909,422.405,Edmonton International Airport,CYEG,Edmonton,CA,CA-AB,Cloudy,4,22
$393,FALSE,Sheremetyevo International Airport,SVO,Moscow,RU,RU-MOS,Rain,13481.34,8376.92,FALSE,0,No Delay,O0INKNP,12.48272494,748.963,Ministro Pistarini International Airport,EZE,Buenos Aires,AR,SE-BD,Rain,4,22
$632.33,FALSE,Duluth International Airport,DLH,Duluth,US,US-MN,Rain,7709.00,4790.15,FALSE,0,No Delay,86XND5D,6.42416318,385.45,Ciampino___G. B. Pastine International Airport,RM12,Rome,IT,IT-62,Rain,4,22
$919.03,FALSE,Wichita Mid Continent Airport,ICT,Wichita,US,US-KS,Cloudy,8351.82,5189.58,FALSE,0,No Delay,BAFI6T0,11.59974649,695.985,Verona Villafranca Airport,VR10,Verona,IT,IT-34,Clear,4,22
$565.82,FALSE,San Francisco International Airport,SFO,San Francisco,US,US-CA,Clear,9516.35,5913.19,FALSE,0,No Delay,Y2UAFSU,9.912864328,594.772,Beijing Capital International Airport,PEK,Beijing,CN,SE-BD,Clear,4,22
$434.15,FALSE,Oslo Gardermoen Airport,OSL,Oslo,NO,NO-02,Hail,1113.76,692.056,TRUE,330,Late Aircraft Delay,42NTNA0,6.927892875,415.674,Manchester Airport,MAN,Manchester,GB,GB-ENG,Sunny,4,22
$841.68,FALSE,Vienna International Airport,VIE,Vienna,AT,AT-9,Clear,8194.79,5092.01,TRUE,210,Late Aircraft Delay,AR2FX9Q,13.25570351,795.342,Kansas City International Airport,MCI,Kansas City,US,US-MO,Rain,4,22
$281.97,FALSE,Chengdu Shuangliu International Airport,CTU,Chengdu,CN,SE-BD,Rain,7633.10,4742.99,FALSE,0,No Delay,38DL0W5,6.360915824,381.655,Bari Karol Wojty__a Airport,BA02,Bari,IT,IT-75,Hail,4,22
$751.64,FALSE,Quad City International Airport,MLI,Moline,US,US-IL,Thunder & Lightning,11855.12,7366.43,FALSE,0,No Delay,PCCWV59,10.97696401,658.618,Al Maktoum International Airport,DWC,Jebel Ali,AE,SE-BD,Thunder & Lightning,4,22
$918.66,FALSE,Venice Marco Polo Airport,VE05,Venice,IT,IT-34,Clear,7902.83,4910.59,FALSE,0,No Delay,B6RUKSM,7.317437713,439.046,Beijing Capital International Airport,PEK,Beijing,CN,SE-BD,Rain,4,22
$872.70,FALSE,Mariscal Sucre International Airport,UIO,Quito,EC,EC-P,Clear,4864.95,3022.94,FALSE,0,No Delay,8B72YLE,4.054123388,243.247,Des Moines International Airport,DSM,Des Moines,US,US-IA,Rain,4,22
$469.67,FALSE,El Dorado International Airport,BOG,Bogota,CO,CO-CUN,Sunny,14429.57,8966.12,FALSE,0,No Delay,OJF1Q3Z,15.03080573,901.848,Brisbane International Airport,BNE,Brisbane,AU,SE-BD,Rain,4,22
$493.80,FALSE,Narita International Airport,NRT,Tokyo,JP,SE-BD,Thunder & Lightning,10378.48,6448.89,FALSE,0,No Delay,RLNIJPB,15.72496383,943.498,Montreal / Pierre Elliott Trudeau International Airport,YUL,Montreal,CA,CA-QC,Hail,4,21
$565.01,FALSE,OR Tambo International Airport,JNB,Johannesburg,ZA,SE-BD,Clear,13785.46,8565.89,FALSE,0,No Delay,HH5ZKCE,19.14646981,1148.79,Louisville International Standiford Field,SDF,Louisville,US,US-KY,Cloudy,4,21
$931.65,TRUE,Mariscal Sucre International Airport,UIO,Quito,EC,SE-BD,Cloudy,3129.95,1944.86,FALSE,0,No Delay,UA7SZ2A,2.484087557,149.045,Licenciado Benito Juarez International Airport,AICM,Mexico City,MX,MX-DIF,Heavy Fog,4,21
$932.59,TRUE,Mariscal Sucre International Airport,UIO,Quito,EC,SE-BD,Hail,4864.95,3022.94,FALSE,0,No Delay,LU2NFP0,4.054123388,243.247,Des Moines International Airport,DSM,Des Moines,US,US-IA,Heavy Fog,4,21
$275.44,FALSE,Guangzhou Baiyun International Airport,CAN,Guangzhou,CN,SE-BD,Clear,5864.80,3644.22,FALSE,0,No Delay,BNTQC46,6.109164294,366.55,Al Maktoum International Airport,DWC,Jebel Ali,AE,SE-BD,Thunder & Lightning,4,21
$282.36,FALSE,Leonardo da Vinci - Fiumicino Airport,FCO,Rome,IT,SE-BD,Rain,958.018,595.285,FALSE,0,No Delay,B6KXKYV,1.330580698,79.835,Frankfurt am Main Airport,FRA,Frankfurt am Main,DE,DE-HE,Sunny,4,21
$634.64,FALSE,Ministro Pistarini International Airport,EZE,Buenos Aires,AR,SE-BD,Thunder & Lightning,11624.23,7222.96,FALSE,0,No Delay,KVAQ7U5,9.686861376,581.212,Melbourne International Airport,MEL,Melbourne,AU,SE-BD,Thunder & Lightning,4,21
$493.90,FALSE,Sheremetyevo International Airport,SVO,Moscow,RU,RU-MOS,Sunny,2351.95,1461.43,TRUE,240,Carrier Delay,KKDGFD7,7.266591608,435.995,Pisa International Airport,PI05,Pisa,IT,IT-52,Sunny,4,21
$628.94,TRUE,Warsaw Chopin Airport,WAW,Warsaw,PL,PL-MZ,Thunder & Lightning,8427.17,5236.40,TRUE,165,Carrier Delay,O4GG2VJ,14.45440447,867.264,Seattle Tacoma International Airport,SEA,Seattle,US,US-WA,Heavy Fog,4,21
$314.48,FALSE,Zurich Airport,ZRH,Zurich,CH,CH-ZH,Cloudy,1765.77,1097.20,TRUE,45,NAS Delay,LCPRTG7,2.481144019,148.869,Ataturk International Airport,IST,Istanbul,TR,TR-34,Cloudy,4,21
$420.70,FALSE,Falcone Borsellino Airport,PA03,Palermo,IT,IT-82,Clear,8007.10,4975.38,FALSE,0,No Delay,PM4MZFC,9.532260939,571.936,Cape Town International Airport,CPT,Cape Town,ZA,SE-BD,Sunny,4,21
$128.01,FALSE,Zurich Airport,ZRH,Zurich,CH,CH-ZH,Cloudy,0,0,FALSE,0,No Delay,SDZQJAO,0,0,Zurich Airport,ZRH,Zurich,CH,CH-ZH,Hail,4,21
$531.16,FALSE,Verona Villafranca Airport,VR10,Verona,IT,IT-34,Cloudy,8899.64,5529.98,TRUE,315,Late Aircraft Delay,MA53VN5,13.05670513,783.402,Salt Lake City International Airport,SLC,Salt Lake City,US,US-UT,Rain,4,21
$371.29,FALSE,Pisa International Airport,PI05,Pisa,IT,IT-52,Sunny,7201.35,4474.71,FALSE,0,No Delay,3EGDIS0,6.316969362,379.018,Detroit Metropolitan Wayne County Airport,DTW,Detroit,US,US-MI,Cloudy,4,20
$852.39,FALSE,Tokyo Haneda International Airport,HND,Tokyo,JP,SE-BD,Clear,9336.57,5801.47,FALSE,0,No Delay,FUTUF2C,11.96995478,718.197,Phoenix Sky Harbor International Airport,PHX,Phoenix,US,US-AZ,Sunny,4,20
$227.42,TRUE,Sydney Kingsford Smith International Airport,SYD,Sydney,AU,SE-BD,Cloudy,0,0,FALSE,0,No Delay,0VJGQD3,0,0,Sydney Kingsford Smith International Airport,SYD,Sydney,AU,SE-BD,Heavy Fog,4,20
$152.38,FALSE,Turin Airport,TO11,Torino,IT,IT-21,Rain,359.096,223.132,FALSE,0,No Delay,Z9OWYXU,0.352054476,21.123,Treviso-Sant'Angelo Airport,TV01,Treviso,IT,IT-34,Clear,4,20
$434.44,FALSE,Tokyo Haneda International Airport,HND,Tokyo,JP,SE-BD,Sunny,11074.40,6881.32,TRUE,120,Late Aircraft Delay,XSZW1WU,13.53583642,812.15,Piedmont Triad International Airport,GSO,Greensboro,US,US-NC,Sunny,4,20
$198.98,FALSE,Xi'an Xianyang International Airport,XIY,Xi'an,CN,SE-BD,Rain,0,0,FALSE,0,No Delay,2DHGW92,0,0,Xi'an Xianyang International Airport,XIY,Xi'an,CN,SE-BD,Clear,4,20
$788.30,FALSE,Copenhagen Kastrup Airport,CPH,Copenhagen,DK,DK-84,Thunder & Lightning,6415.11,3986.16,FALSE,0,No Delay,ERRNA69,9.719856069,583.191,Chhatrapati Shivaji International Airport,BOM,Mumbai,IN,SE-BD,Heavy Fog,4,20
$943.20,FALSE,Xi'an Xianyang International Airport,XIY,Xi'an,CN,SE-BD,Cloudy,18861.02,11719.69,FALSE,0,No Delay,6TGBC8E,14.96906337,898.144,Ministro Pistarini International Airport,EZE,Buenos Aires,AR,AR-B,Clear,4,20
$936.67,FALSE,London Luton Airport,LTN,London,GB,GB-ENG,Rain,1074.22,667.488,FALSE,0,No Delay,SBI9NWS,1.627602645,97.656,Genoa Cristoforo Colombo Airport,GE01,Genova,IT,IT-42,Hail,4,20
$198.48,FALSE,Verona Villafranca Airport,VR10,Verona,IT,IT-34,Damaging Wind,698.987,434.33,FALSE,0,No Delay,7QO9FQX,0.97081513,58.249,Cagliari Elmas Airport,CA07,Cagliari,IT,IT-88,Rain,4,20
$585.57,FALSE,Zurich Airport,ZRH,Zurich,CH,CH-ZH,Sunny,4773.28,2965.98,FALSE,0,No Delay,V5X4PY5,6.629559958,397.774,Dubai International Airport,DXB,Dubai,AE,SE-BD,Cloudy,4,20
$919.69,FALSE,Lester B. Pearson International Airport,YYZ,Toronto,CA,CA-ON,Clear,6711.16,4170.12,FALSE,0,No Delay,A2AI6EF,5.326317853,319.579,Genoa Cristoforo Colombo Airport,GE01,Genova,IT,IT-42,Sunny,4,20
$832.44,FALSE,Zurich Airport,ZRH,Zurich,CH,CH-ZH,Clear,344.758,214.223,FALSE,0,No Delay,WZWKKJR,0.302419437,18.145,Treviso-Sant'Angelo Airport,TV01,Treviso,IT,IT-34,Damaging Wind,4,20
$662.92,FALSE,El Dorado International Airport,BOG,Bogota,CO,SE-BD,Rain,3452.14,2145.06,FALSE,0,No Delay,SG52TWG,5.230513673,313.831,Birmingham-Shuttlesworth International Airport,BHM,Birmingham,US,US-AL,Sunny,4,20
$705.68,FALSE,London Luton Airport,LTN,London,GB,GB-ENG,Rain,1471.98,914.647,TRUE,270,Carrier Delay,2JWZIQU,5.726651277,343.599,Leonardo da Vinci___Fiumicino Airport,RM11,Rome,IT,IT-62,Cloudy,4,20
$450.99,FALSE,Wichita Mid Continent Airport,ICT,Wichita,US,US-KS,Hail,8788.09,5460.67,TRUE,45,NAS Delay,R8F5IBO,9.365776552,561.947,Sheremetyevo International Airport,SVO,Moscow,RU,RU-MOS,Thunder & Lightning,4,20
$991.18,FALSE,Zurich Airport,ZRH,Zurich,CH,CH-ZH,Sunny,291.902,181.379,FALSE,0,No Delay,WU21VRC,0.256054142,15.363,Verona Villafranca Airport,VR10,Verona,IT,IT-34,Hail,4,20
$815.28,TRUE,Rajiv Gandhi International Airport,HYD,Hyderabad,IN,SE-BD,Cloudy,12552.61,7799.83,FALSE,0,No Delay,5A4KP4M,19.01910107,1141.15,Portland International Jetport Airport,PWM,Portland,US,US-ME,Damaging Wind,4,20
$443.81,FALSE,Licenciado Benito Juarez International Airport,AICM,Mexico City,MX,MX-DIF,Sunny,3242.52,2014.81,FALSE,0,No Delay,7YSW40X,3.002334481,180.14,Lester B. Pearson International Airport,YYZ,Toronto,CA,CA-ON,Rain,4,20
$464.18,FALSE,Treviso-Sant'Angelo Airport,TV01,Treviso,IT,IT-34,Rain,8997.77,5590.95,TRUE,210,NAS Delay,SKMQOOG,12.32134203,739.281,Guangzhou Baiyun International Airport,CAN,Guangzhou,CN,SE-BD,Sunny,4,19
$268.61,FALSE,El Dorado International Airport,BOG,Bogota,CO,CO-CUN,Clear,14429.57,8966.12,FALSE,0,No Delay,6CXJQ72,11.45204246,687.123,Brisbane International Airport,BNE,Brisbane,AU,SE-BD,Cloudy,4,19
$658.74,TRUE,Mariscal Sucre International Airport,UIO,Quito,EC,SE-BD,Sunny,16625.32,10330.49,FALSE,0,No Delay,GFM49GS,18.47257291,1108.35,Chengdu Shuangliu International Airport,CTU,Chengdu,CN,SE-BD,Heavy Fog,4,19
$560.31,FALSE,Mariscal Sucre International Airport,UIO,Quito,EC,EC-P,Sunny,15154.85,9416.79,FALSE,0,No Delay,CENIKAK,16.83872191,1010.32,Incheon International Airport,ICN,Seoul,KR,SE-BD,Heavy Fog,4,19
$756.42,FALSE,Vienna International Airport,VIE,Vienna,AT,AT-9,Clear,9165.07,5694.91,FALSE,0,No Delay,1WKSE9V,13.8864614,833.188,Tokyo Haneda International Airport,HND,Tokyo,JP,SE-BD,Rain,4,19
$165.47,TRUE,Ukrainka Air Base,XHBU,Belogorsk,RU,RU-AMU,Thunder & Lightning,5606.83,3483.92,FALSE,0,No Delay,UPYBY0Z,5.84044378,350.427,Sheremetyevo International Airport,SVO,Moscow,RU,RU-MOS,Cloudy,4,19
$956.02,FALSE,Jeju International Airport,CJU,Jeju City,KR,SE-BD,Clear,9286.53,5770.38,FALSE,0,No Delay,8TMQ9NT,7.370258716,442.216,Ciampino___G. B. Pastine International Airport,RM12,Rome,IT,IT-62,Clear,4,19
$614.19,FALSE,Winnipeg / James Armstrong Richardson International Airport,YWG,Winnipeg,CA,CA-MB,Cloudy,2279.34,1416.32,FALSE,0,No Delay,5GQ9US7,2.532604999,151.956,Tucson International Airport,TUS,Tucson,US,US-AZ,Clear,4,19
$584.29,FALSE,Winnipeg / James Armstrong Richardson International Airport,YWG,Winnipeg,CA,CA-MB,Thunder & Lightning,12299.96,7642.84,TRUE,30,NAS Delay,80OH096,16.26917777,976.151,Chhatrapati Shivaji International Airport,BOM,Mumbai,IN,SE-BD,Cloudy,4,19
$143.42,FALSE,San Antonio International Airport,SAT,San Antonio,US,US-TX,Sunny,2206.07,1370.79,FALSE,0,No Delay,WCV807S,2.626277097,157.577,Newport News Williamsburg International Airport,PHF,Newport News,US,US-VA,Rain,4,18
$956.06,FALSE,Shanghai Pudong International Airport,PVG,Shanghai,CN,SE-BD,Rain,2182.33,1356.04,FALSE,0,No Delay,9P7O5BC,1.732006938,103.92,New Chitose Airport,CTS,Chitose / Tomakomai,JP,SE-BD,Clear,4,18
$260.40,TRUE,Kansai International Airport,KIX,Osaka,JP,SE-BD,Cloudy,10001.57,6214.69,FALSE,0,No Delay,X49VA7L,13.89107145,833.464,Falcone Borsellino Airport,PA03,Palermo,IT,IT-82,Damaging Wind,4,18
$583.91,FALSE,Oslo Gardermoen Airport,OSL,Oslo,NO,NO-02,Sunny,6391.64,3971.58,FALSE,0,No Delay,U4RO4JN,8.194403237,491.664,Norfolk International Airport,ORF,Norfolk,US,US-VA,Rain,4,18
$628.97,TRUE,Spokane International Airport,GEG,Spokane,US,US-WA,Hail,7342.07,4562.15,TRUE,195,Late Aircraft Delay,0YIVG7F,11.40785307,684.471,New Chitose Airport,CTS,Chitose / Tomakomai,JP,SE-BD,Cloudy,4,18
$236.48,TRUE,Winnipeg / James Armstrong Richardson International Airport,YWG,Winnipeg,CA,CA-MB,Damaging Wind,0,0,TRUE,105,Security Delay,ZTH6T9X,1.75,105,Winnipeg / James Armstrong Richardson International Airport,YWG,Winnipeg,CA,CA-MB,Hail,4,18
$252.54,FALSE,Seattle Tacoma International Airport,SEA,Seattle,US,US-WA,Damaging Wind,7351.63,4568.09,TRUE,315,Carrier Delay,J0S1R8K,14.00193662,840.116,Oslo Gardermoen Airport,OSL,Oslo,NO,NO-02,Hail,4,18
$183.87,TRUE,Tokyo Haneda International Airport,HND,Tokyo,JP,SE-BD,Rain,59.72,37.109,FALSE,0,No Delay,I2RRBFL,0.066356019,3.981,Narita International Airport,NRT,Tokyo,JP,SE-BD,Thunder & Lightning,4,18
$962.02,FALSE,Milano Linate Airport,MI11,Milan,IT,IT-25,Rain,623.244,387.266,FALSE,0,No Delay,RLJ0SQL,0.865616101,51.937,Cologne Bonn Airport,CGN,Cologne,DE,DE-NW,Sunny,4,18
$325.19,FALSE,Tucson International Airport,TUS,Tucson,US,US-AZ,Clear,10165.75,6316.70,FALSE,0,No Delay,NGR4NHL,10.58932331,635.359,Naples International Airport,NA01,Naples,IT,IT-72,Heavy Fog,4,18
$784.02,FALSE,Leonardo da Vinci - Fiumicino Airport,FCO,Rome,IT,SE-BD,Sunny,9171.74,5699.06,FALSE,0,No Delay,Z3L2C08,9.553896585,573.234,Guangzhou Baiyun International Airport,CAN,Guangzhou,CN,SE-BD,Sunny,4,17
$954.47,FALSE,Warsaw Chopin Airport,WAW,Warsaw,PL,PL-MZ,Clear,7314.11,4544.78,FALSE,0,No Delay,TO2GWDX,10.15848063,609.509,Norfolk International Airport,ORF,Norfolk,US,US-VA,Sunny,4,17
$804.72,FALSE,Xi'an Xianyang International Airport,XIY,Xi'an,CN,SE-BD,Thunder & Lightning,7402.54,4599.73,FALSE,0,No Delay,8B5OZWH,9.490436928,569.426,Vienna International Airport,VIE,Vienna,AT,AT-9,Rain,4,17
$676.13,FALSE,Falcone Borsellino Airport,PA03,Palermo,IT,IT-82,Hail,8367.74,5199.47,FALSE,0,No Delay,9PL78Y4,11.62186105,697.312,Beijing Capital International Airport,PEK,Beijing,CN,SE-BD,Sunny,4,17
$412.82,FALSE,Minneapolis-St Paul International/Wold-Chamberlain Airport,MSP,Minneapolis,US,US-MN,Sunny,7289.66,4529.58,FALSE,0,No Delay,6UEFYIN,6.39443808,383.666,Barcelona International Airport,BCN,Barcelona,ES,ES-CT,Clear,4,17
$814.85,FALSE,Tokyo Haneda International Airport,HND,Tokyo,JP,SE-BD,Sunny,1779.88,1105.97,FALSE,0,No Delay,1584ATW,1.561300587,93.678,Shanghai Hongqiao International Airport,SHA,Shanghai,CN,SE-BD,Heavy Fog,4,17
$610.82,FALSE,Verona Villafranca Airport,VR10,Verona,IT,IT-34,Rain,2192.37,1362.28,TRUE,180,Late Aircraft Delay,3OXUQWO,5.435966945,326.158,Sheremetyevo International Airport,SVO,Moscow,RU,RU-MOS,Rain,4,17
$115.84,TRUE,Turin Airport,TO11,Torino,IT,IT-21,Hail,0,0,FALSE,0,No Delay,EOH4CTZ,0,0,Turin Airport,TO11,Torino,IT,IT-21,Clear,4,17
$690.13,FALSE,Turin Airport,TO11,Torino,IT,IT-21,Sunny,9226.62,5733.15,FALSE,0,No Delay,EX3I5IV,10.25179742,615.108,Shanghai Hongqiao International Airport,SHA,Shanghai,CN,SE-BD,Hail,4,17
$711.08,FALSE,Shanghai Hongqiao International Airport,SHA,Shanghai,CN,SE-BD,Sunny,9154.13,5688.11,FALSE,0,No Delay,3K93U65,12.71406804,762.844,Pisa International Airport,PI05,Pisa,IT,IT-52,Clear,4,17
$130,FALSE,Tulsa International Airport,TUL,Tulsa,US,US-OK,Heavy Fog,1539.53,956.619,FALSE,0,No Delay,BRTDNYR,1.832772447,109.966,Raleigh Durham International Airport,RDU,Raleigh/Durham,US,US-NC,Damaging Wind,4,17
$748.24,FALSE,Newark Liberty International Airport,EWR,Newark,US,US-NJ,Rain,3255.54,2022.90,FALSE,0,No Delay,YHSBKVY,3.875647886,232.539,Edmonton International Airport,CYEG,Edmonton,CA,CA-AB,Cloudy,4,17
$895.31,FALSE,Narita International Airport,NRT,Tokyo,JP,SE-BD,Clear,10011.88,6221.10,FALSE,0,No Delay,7DRBUST,8.782354354,526.941,General Mitchell International Airport,MKE,Milwaukee,US,US-WI,Cloudy,4,17
$396.40,FALSE,OR Tambo International Airport,JNB,Johannesburg,ZA,SE-BD,Thunder & Lightning,7430.50,4617.10,TRUE,150,Carrier Delay,Z0H9ZMF,8.692080548,521.525,Ataturk International Airport,IST,Istanbul,TR,TR-34,Thunder & Lightning,4,17
$683.86,FALSE,Venice Marco Polo Airport,VE05,Venice,IT,IT-34,Rain,8823.40,5482.61,FALSE,0,No Delay,ALDWAYE,7.739824685,464.389,Cape Town International Airport,CPT,Cape Town,ZA,SE-BD,Rain,4,16
$686.33,FALSE,Oslo Gardermoen Airport,OSL,Oslo,NO,NO-02,Cloudy,6631.42,4120.57,FALSE,0,No Delay,D7QTL6D,8.501819567,510.109,Chhatrapati Shivaji International Airport,BOM,Mumbai,IN,SE-BD,Rain,4,16
$459.09,FALSE,Itami Airport,ITM,Osaka,JP,SE-BD,Sunny,7726.00,4800.71,FALSE,0,No Delay,7Q9UJPG,6.13174319,367.905,Adelaide International Airport,ADL,Adelaide,AU,SE-BD,Clear,4,16
$341.56,FALSE,New Chitose Airport,CTS,Chitose / Tomakomai,JP,SE-BD,Clear,14960.56,9296.06,FALSE,0,No Delay,YGFZU2M,13.12329421,787.398,Jorge Chavez International Airport,LIM,Lima,PE,SE-BD,Sunny,4,16
$563.14,FALSE,Xi'an Xianyang International Airport,XIY,Xi'an,CN,SE-BD,Sunny,7402.54,4599.73,FALSE,0,No Delay,HCV4RMB,5.875032384,352.502,Vienna International Airport,VIE,Vienna,AT,AT-9,Thunder & Lightning,4,16
$847.74,FALSE,Licenciado Benito Juarez International Airport,AICM,Mexico City,MX,MX-DIF,Sunny,9220.11,5729.11,TRUE,30,Carrier Delay,IBRRYQV,10.10428293,606.257,Amsterdam Airport Schiphol,AMS,Amsterdam,NL,NL-NH,Rain,4,16
$801.88,TRUE,Frankfurt am Main Airport,FRA,Frankfurt am Main,DE,DE-HE,Thunder & Lightning,6903.63,4289.72,FALSE,0,No Delay,WCDHK3P,9.588380733,575.303,Fort Wayne International Airport,FWA,Fort Wayne,US,US-IN,Hail,4,16
$753.72,FALSE,Warsaw Chopin Airport,WAW,Warsaw,PL,PL-MZ,Rain,524.716,326.043,FALSE,0,No Delay,H4J2WM6,0.728771985,43.726,Berlin-Tegel Airport,TXL,Berlin,DE,DE-BE,Clear,4,16